"","raw.input.mosaic.ndmi.1","raw.input.mosaic.ndmi.2","raw.input.mosaic.ndmi.3","raw.input.mosaic.ndmi.4","raw.input.mosaic.ndmi.5","raw.input.mosaic.ndmi.6","raw.input.mosaic.ndmi.7","raw.input.mosaic.ndmi.8","raw.input.mosaic.ndmi.9","raw.input.mosaic.ndmi.10","raw.input.mosaic.ndmi.11","raw.input.mosaic.ndmi.12","raw.input.mosaic.ndmi.13","raw.input.mosaic.ndmi.14","raw.input.mosaic.ndmi.15","raw.input.mosaic.ndmi.16","raw.input.mosaic.ndmi.17","raw.input.mosaic.ndmi.18","raw.input.mosaic.ndmi.19","raw.input.mosaic.ndmi.20","raw.input.mosaic.ndmi.21","raw.input.mosaic.ndmi.22","raw.input.mosaic.ndmi.23","raw.input.mosaic.ndmi.24","raw.input.mosaic.ndmi.25","raw.input.mosaic.ndmi.26","raw.input.mosaic.ndmi.27","raw.input.mosaic.ndmi.28","raw.input.mosaic.ndmi.29","raw.input.mosaic.ndmi.30","raw.input.mosaic.ndmi.31","raw.input.mosaic.ndmi.32","raw.input.mosaic.ndmi.33","raw.input.mosaic.ndmi.34","raw.input.mosaic.ndmi.35","raw.input.mosaic.ndmi.36","raw.input.mosaic.ndmi.37","raw.input.mosaic.ndmi.38","raw.input.mosaic.ndmi.39","raw.input.mosaic.ndmi.40","raw.input.mosaic.ndmi.41","raw.input.mosaic.ndmi.42","raw.input.mosaic.ndmi.43","raw.input.mosaic.ndmi.44","raw.input.mosaic.ndmi.45","raw.input.mosaic.ndmi.46","raw.input.mosaic.ndmi.47","raw.input.mosaic.ndmi.48","raw.input.mosaic.ndmi.49","raw.input.mosaic.ndmi.50","raw.input.mosaic.ndmi.51","raw.input.mosaic.ndmi.52","raw.input.mosaic.ndmi.53","raw.input.mosaic.ndmi.54","raw.input.mosaic.ndmi.55","raw.input.mosaic.ndmi.56","raw.input.mosaic.ndmi.57","raw.input.mosaic.ndmi.58","raw.input.mosaic.ndmi.59","raw.input.mosaic.ndmi.60","raw.input.mosaic.ndmi.61","raw.input.mosaic.ndmi.62","raw.input.mosaic.ndmi.63","raw.input.mosaic.ndmi.64","raw.input.mosaic.ndmi.65","raw.input.mosaic.ndmi.66","raw.input.mosaic.ndmi.67","raw.input.mosaic.ndmi.68","raw.input.mosaic.ndmi.69","raw.input.mosaic.ndmi.70","raw.input.mosaic.ndmi.71","raw.input.mosaic.ndmi.72","raw.input.mosaic.ndmi.73","raw.input.mosaic.ndmi.74","raw.input.mosaic.ndmi.75","raw.input.mosaic.ndmi.76","raw.input.mosaic.ndmi.77","raw.input.mosaic.ndmi.78","raw.input.mosaic.ndmi.79","raw.input.mosaic.ndmi.80","raw.input.mosaic.ndmi.81","raw.input.mosaic.ndmi.82","raw.input.mosaic.ndmi.83","raw.input.mosaic.ndmi.84","raw.input.mosaic.ndmi.85","raw.input.mosaic.ndmi.86","raw.input.mosaic.ndmi.87","raw.input.mosaic.ndmi.88","raw.input.mosaic.ndmi.89","raw.input.mosaic.ndmi.90","raw.input.mosaic.ndmi.91","raw.input.mosaic.ndmi.92","raw.input.mosaic.ndmi.93","raw.input.mosaic.ndmi.94","raw.input.mosaic.ndmi.95","raw.input.mosaic.ndmi.96","raw.input.mosaic.ndmi.97","raw.input.mosaic.ndmi.98","raw.input.mosaic.ndmi.99","raw.input.mosaic.ndmi.100","raw.input.mosaic.ndmi.101","raw.input.mosaic.ndmi.102","raw.input.mosaic.ndmi.103","raw.input.mosaic.ndmi.104","raw.input.mosaic.ndmi.105","raw.input.mosaic.ndmi.106","raw.input.mosaic.ndmi.107","raw.input.mosaic.ndmi.108","raw.input.mosaic.ndmi.109","raw.input.mosaic.ndmi.110","raw.input.mosaic.ndmi.111","raw.input.mosaic.ndmi.112","raw.input.mosaic.ndmi.113","raw.input.mosaic.ndmi.114","raw.input.mosaic.ndmi.115","raw.input.mosaic.ndmi.116","raw.input.mosaic.ndmi.117","raw.input.mosaic.ndmi.118","raw.input.mosaic.ndmi.119","raw.input.mosaic.ndmi.120","raw.input.mosaic.ndmi.121","raw.input.mosaic.ndmi.122","raw.input.mosaic.ndmi.123","raw.input.mosaic.ndmi.124","raw.input.mosaic.ndmi.125","raw.input.mosaic.ndmi.126","raw.input.mosaic.ndmi.127","raw.input.mosaic.ndmi.128","raw.input.mosaic.ndmi.129","raw.input.mosaic.ndmi.130","raw.input.mosaic.ndmi.131","raw.input.mosaic.ndmi.132","raw.input.mosaic.ndmi.133","raw.input.mosaic.ndmi.134","raw.input.mosaic.ndmi.135","raw.input.mosaic.ndmi.136","raw.input.mosaic.ndmi.137","raw.input.mosaic.ndmi.138","raw.input.mosaic.ndmi.139","raw.input.mosaic.ndmi.140","raw.input.mosaic.ndmi.141","raw.input.mosaic.ndmi.142","raw.input.mosaic.ndmi.143","raw.input.mosaic.ndmi.144","raw.input.mosaic.ndmi.145","raw.input.mosaic.ndmi.146","raw.input.mosaic.ndmi.147","raw.input.mosaic.ndmi.148","raw.input.mosaic.ndmi.149","raw.input.mosaic.ndmi.150","raw.input.mosaic.ndmi.151","raw.input.mosaic.ndmi.152","raw.input.mosaic.ndmi.153","raw.input.mosaic.ndmi.154","raw.input.mosaic.ndmi.155","raw.input.mosaic.ndmi.156","raw.input.mosaic.ndmi.157","raw.input.mosaic.ndmi.158","raw.input.mosaic.ndmi.159","raw.input.mosaic.ndmi.160","raw.input.mosaic.ndmi.161","raw.input.mosaic.ndmi.162","raw.input.mosaic.ndmi.163","raw.input.mosaic.ndmi.164","raw.input.mosaic.ndmi.165","raw.input.mosaic.ndmi.166","raw.input.mosaic.ndmi.167","raw.input.mosaic.ndmi.168","raw.input.mosaic.ndmi.169","raw.input.mosaic.ndmi.170","raw.input.mosaic.ndmi.171","raw.input.mosaic.ndmi.172","raw.input.mosaic.ndmi.173","raw.input.mosaic.ndmi.174","raw.input.mosaic.ndmi.175","raw.input.mosaic.ndmi.176","raw.input.mosaic.ndmi.177","raw.input.mosaic.ndmi.178","raw.input.mosaic.ndmi.179","raw.input.mosaic.ndmi.180","raw.input.mosaic.ndmi.181","raw.input.mosaic.ndmi.182","raw.input.mosaic.ndmi.183","raw.input.mosaic.ndmi.184","raw.input.mosaic.ndmi.185","raw.input.mosaic.ndmi.186","raw.input.mosaic.ndmi.187","raw.input.mosaic.ndmi.188","raw.input.mosaic.ndmi.189","raw.input.mosaic.ndmi.190","raw.input.mosaic.ndmi.191","raw.input.mosaic.ndmi.192","raw.input.mosaic.ndmi.193","raw.input.mosaic.ndmi.194","raw.input.mosaic.ndmi.195","raw.input.mosaic.ndmi.196","raw.input.mosaic.ndmi.197","raw.input.mosaic.ndmi.198","raw.input.mosaic.ndmi.199","raw.input.mosaic.ndmi.200","raw.input.mosaic.ndmi.201","raw.input.mosaic.ndmi.202","raw.input.mosaic.ndmi.203","raw.input.mosaic.ndmi.204","raw.input.mosaic.ndmi.205","raw.input.mosaic.ndmi.206","raw.input.mosaic.ndmi.207","raw.input.mosaic.ndmi.208","raw.input.mosaic.ndmi.209","raw.input.mosaic.ndmi.210","raw.input.mosaic.ndmi.211","raw.input.mosaic.ndmi.212","raw.input.mosaic.ndmi.213","raw.input.mosaic.ndmi.214","raw.input.mosaic.ndmi.215","raw.input.mosaic.ndmi.216","raw.input.mosaic.ndmi.217","raw.input.mosaic.ndmi.218","raw.input.mosaic.ndmi.219","raw.input.mosaic.ndmi.220","raw.input.mosaic.ndmi.221","raw.input.mosaic.ndmi.222","raw.input.mosaic.ndmi.223","raw.input.mosaic.ndmi.224","raw.input.mosaic.ndmi.225","raw.input.mosaic.ndmi.226","raw.input.mosaic.ndmi.227","raw.input.mosaic.ndmi.228","raw.input.mosaic.ndmi.229","raw.input.mosaic.ndmi.230","raw.input.mosaic.ndmi.231","raw.input.mosaic.ndmi.232","raw.input.mosaic.ndmi.233","raw.input.mosaic.ndmi.234","raw.input.mosaic.ndmi.235","raw.input.mosaic.ndmi.236","raw.input.mosaic.ndmi.237","raw.input.mosaic.ndmi.238","raw.input.mosaic.ndmi.239","raw.input.mosaic.ndmi.240","raw.input.mosaic.ndmi.241","raw.input.mosaic.ndmi.242","raw.input.mosaic.ndmi.243","raw.input.mosaic.ndmi.244","raw.input.mosaic.ndmi.245","raw.input.mosaic.ndmi.246","raw.input.mosaic.ndmi.247","raw.input.mosaic.ndmi.248","raw.input.mosaic.ndmi.249","raw.input.mosaic.ndmi.250","raw.input.mosaic.ndmi.251","raw.input.mosaic.ndmi.252","raw.input.mosaic.ndmi.253","raw.input.mosaic.ndmi.254","raw.input.mosaic.ndmi.255","raw.input.mosaic.ndmi.256","raw.input.mosaic.ndmi.257","raw.input.mosaic.ndmi.258","raw.input.mosaic.ndmi.259","raw.input.mosaic.ndmi.260","raw.input.mosaic.ndmi.261","raw.input.mosaic.ndmi.262","raw.input.mosaic.ndmi.263","raw.input.mosaic.ndmi.264","raw.input.mosaic.ndmi.265","raw.input.mosaic.ndmi.266","raw.input.mosaic.ndmi.267","raw.input.mosaic.ndmi.268","raw.input.mosaic.ndmi.269","raw.input.mosaic.ndmi.270","raw.input.mosaic.ndmi.271","raw.input.mosaic.ndmi.272","raw.input.mosaic.ndmi.273","raw.input.mosaic.ndmi.274","raw.input.mosaic.ndmi.275","raw.input.mosaic.ndmi.276","raw.input.mosaic.ndmi.277","raw.input.mosaic.ndmi.278","raw.input.mosaic.ndmi.279","raw.input.mosaic.ndmi.280","raw.input.mosaic.ndmi.281","raw.input.mosaic.ndmi.282","raw.input.mosaic.ndmi.283","raw.input.mosaic.ndmi.284","raw.input.mosaic.ndmi.285","raw.input.mosaic.ndmi.286","raw.input.mosaic.ndmi.287","raw.input.mosaic.ndmi.288","raw.input.mosaic.ndmi.289","raw.input.mosaic.ndmi.290","raw.input.mosaic.ndmi.291","raw.input.mosaic.ndmi.292","raw.input.mosaic.ndmi.293","raw.input.mosaic.ndmi.294","raw.input.mosaic.ndmi.295","raw.input.mosaic.ndmi.296","raw.input.mosaic.ndmi.297","raw.input.mosaic.ndmi.298","raw.input.mosaic.ndmi.299","raw.input.mosaic.ndmi.300","raw.input.mosaic.ndmi.301","raw.input.mosaic.ndmi.302","raw.input.mosaic.ndmi.303","raw.input.mosaic.ndmi.304","raw.input.mosaic.ndmi.305","raw.input.mosaic.ndmi.306","raw.input.mosaic.ndmi.307","raw.input.mosaic.ndmi.308","raw.input.mosaic.ndmi.309","raw.input.mosaic.ndmi.310","raw.input.mosaic.ndmi.311","raw.input.mosaic.ndmi.312","raw.input.mosaic.ndmi.313","raw.input.mosaic.ndmi.314","raw.input.mosaic.ndmi.315","raw.input.mosaic.ndmi.316","raw.input.mosaic.ndmi.317","raw.input.mosaic.ndmi.318","raw.input.mosaic.ndmi.319","raw.input.mosaic.ndmi.320","raw.input.mosaic.ndmi.321","raw.input.mosaic.ndmi.322","raw.input.mosaic.ndmi.323","raw.input.mosaic.ndmi.324"
"1",-53,-31,-28,-72,-47,-51,-91,-91,-69,-40,-28,9,-57,3,-39,NA,0,65,191,181,306,605,NA,671,776,712,742,574,513,426,84,103,58,-4,-36,-53,-53,-35,-103,-60,-84,-58,38,-24,-31,-19,-34,-29,-63,-43,-10,-52,NA,38,65,328,NA,NA,NA,NA,NA,777,723,612,498,346,177,9,15,-20,-15,27,7,9,-27,-55,-75,-43,-52,-58,-44,-87,-101,-17,-73,12,13,36,37,101,NA,382,389,NA,NA,831,754,797,730,605,543,437,222,149,135,168,137,97,111,102,105,95,73,57,51,45,59,43,51,78,54,NA,2,44,122,172,NA,387,473,630,NA,NA,957,NA,923,902,703,435,332,179,145,44,-13,109,76,12,-28,-37,-15,-7,0,-15,-18,-25,27,55,-6,43,48,79,24,71,241,296,294,525,NA,NA,849,788,748,780,681,484,234,146,174,145,121,133,89,76,62,67,31,21,-20,-40,-8,57,61,88,71,108,62,183,305,304,412,401,454,506,NA,572,690,804,698,531,530,312,165,113,130,110,88,33,99,NA,98,-22,-3,17,-18,83,31,21,-5,38,NA,-5,-32,-54,27,57,70,286,NA,NA,NA,NA,714,NA,805,684,653,464,327,300,154,171,171,NA,NA,135,87,90,88,NA,34,88,19,77,155,82,40,32,8,19,NA,-44,230,NA,NA,NA,NA,NA,931,903,756,738,671,574,261,131,18,25,11,43,57,-37,-72,-58,-42,-35,-90,29,-63,-63,-45,-66,-9,16,71,5,72,NA,NA,534,NA,NA,NA,702,723,808,658,587,361,223,67,75,171,47,59,65
"2",-70,-88,49,-27,-197,-174,-130,-58,4,-135,-66,-154,-154,-163,-133,-176,-125,NA,-90,-118,NA,NA,-9,154,NA,647,727,792,831,839,893,877,802,337,65,-13,-9,-97,-104,-93,-110,-78,-31,-270,-41,-147,NA,2,-145,-88,-53,NA,-78,NA,NA,NA,-25,NA,NA,NA,737,595,820,800,863,824,759,825,829,635,347,204,-6,16,-53,-79,-27,-26,-72,-10,-289,-137,-255,-144,-159,-185,-96,-187,-125,-80,1636,-15,NA,90,126,94,358,388,456,326,218,308,75,161,122,14,0,-17,-21,-49,-55,-9,-28,-65,-71,-98,-60,-45,-24,-104,-83,-126,-121,-79,NA,-121,3,NA,NA,420,204,168,667,656,748,843,909,909,841,820,839,652,NA,127,157,30,45,15,-39,19,-137,-268,-180,-165,-143,-110,-136,-96,-122,NA,-103,-118,NA,-107,-111,NA,NA,NA,839,780,735,800,831,856,839,786,295,188,55,56,7,-84,-174,-175,-188,-90,-133,-102,-83,-135,-60,-96,NA,-103,-127,-118,NA,-110,NA,8,NA,53,NA,168,NA,202,585,635,844,829,667,465,204,223,209,168,95,205,91,75,23,-22,33,-31,35,3,6,33,-64,-34,-14,-69,-110,NA,-43,21,-42,NA,NA,111,351,299,684,820,979,811,866,762,841,638,452,200,182,83,-16,35,-172,-184,-194,-73,-141,-140,-71,-96,-37,-189,-69,-171,-106,-192,-144,NA,155,NA,322,NA,697,549,783,809,876,894,897,702,444,405,NA,141,67,37,-166,-226,-140,-194,-185,-100,-144,-182,-50,-76,-30,-180,-143,NA,-168,NA,-56,-148,-10,NA,110,NA,395,509,560,509,429,381,296,295,108,130,151,118
"3",14,82,19,-14,3,-28,-22,12,22,29,67,116,139,143,116,172,286,386,NA,NA,646,NA,NA,824,NA,787,720,692,549,NA,314,249,109,131,80,43,82,17,-13,62,-40,10,11,17,62,18,86,95,84,126,NA,142,NA,338,380,574,NA,NA,NA,NA,NA,NA,NA,572,NA,462,393,228,161,141,103,73,62,13,33,11,-25,-19,-38,-63,0,-4,-31,-22,-18,38,-13,91,94,265,NA,473,NA,NA,NA,762,NA,732,784,731,531,469,357,311,152,178,122,151,98,62,47,NA,88,44,35,19,42,28,9,44,36,55,127,137,328,466,366,580,551,659,NA,NA,771,NA,750,762,616,426,361,240,211,225,111,131,105,59,4,-17,-53,-67,3,-10,-30,31,62,103,112,142,118,130,135,211,364,549,500,NA,NA,NA,NA,825,709,627,614,453,407,NA,286,208,187,101,62,84,13,65,-11,-31,-43,17,0,7,49,42,102,110,137,360,462,402,393,516,553,NA,NA,688,736,731,700,571,588,368,257,215,110,36,107,18,39,3,-13,-61,-88,-66,-80,0,-82,-64,-24,-24,22,88,-6,19,43,155,306,NA,432,710,NA,NA,839,NA,874,NA,556,447,286,328,204,123,189,NA,NA,-8,0,-35,-71,NA,-58,-56,-63,-65,-43,-12,45,55,105,75,NA,201,307,431,NA,NA,655,776,761,759,742,672,591,417,299,301,213,206,156,115,101,19,15,-19,3,-40,-17,-36,-53,48,45,32,16,179,298,466,452,448,452,NA,NA,NA,NA,NA,754,749,NA,531,NA,311,213,213,139,151,108,90
"4",58,85,107,79,59,95,47,53,79,112,130,207,171,167,197,213,393,593,578,560,NA,810,NA,902,NA,777,792,902,824,662,534,400,270,210,166,118,164,87,25,30,23,54,51,105,128,165,157,185,208,192,NA,256,NA,425,455,NA,NA,NA,NA,NA,NA,NA,868,NA,700,635,521,435,300,228,254,113,108,114,87,33,-41,29,69,25,101,12,51,NA,62,265,257,257,344,441,NA,745,736,NA,831,687,NA,879,917,NA,639,409,338,244,208,-33,25,100,174,21,4,NA,82,89,65,30,59,29,23,69,105,79,276,275,443,394,619,732,800,NA,NA,NA,NA,NA,856,848,820,635,479,317,273,225,75,175,164,14,-34,-13,-34,-8,16,51,38,62,43,55,88,145,79,207,189,219,485,575,NA,NA,NA,NA,829,776,716,769,752,696,530,383,317,166,140,111,177,88,116,135,83,86,46,78,53,67,103,143,132,96,133,206,509,443,NA,NA,768,NA,NA,NA,667,695,736,658,738,553,519,326,311,188,199,122,143,80,65,31,9,36,4,115,116,44,114,86,105,164,246,256,305,433,614,414,766,NA,NA,893,762,NA,896,NA,NA,494,494,427,243,286,169,NA,119,56,86,31,53,NA,78,58,74,29,51,29,52,107,75,323,NA,NA,563,563,NA,NA,NA,NA,NA,750,804,671,654,590,492,317,190,133,145,136,33,78,8,20,41,28,62,71,83,149,56,103,10,155,211,215,286,NA,NA,NA,NA,NA,831,NA,NA,752,636,576,646,385,224,230,158,71,142,89
"5",-27,-60,5,-15,-67,-45,-31,-73,-37,-38,-45,-18,NA,-27,-21,-45,NA,-84,184,NA,305,NA,NA,NA,381,514,366,315,NA,286,40,26,52,-33,-71,-92,-100,-95,-72,-93,-80,-79,-35,-46,35,-63,-87,-30,60,-85,NA,43,66,60,124,NA,NA,NA,NA,NA,NA,NA,369,399,312,313,97,110,28,50,15,-23,-13,-28,-7,-13,-7,45,-24,-27,-50,-20,6,-31,NA,-46,162,NA,206,279,NA,NA,NA,NA,NA,383,477,402,369,309,319,132,127,51,41,-15,-10,-38,25,5,-68,-11,20,-4,-10,-24,-36,-33,-16,-38,21,-22,-24,NA,121,81,220,NA,NA,NA,NA,609,NA,608,526,414,319,159,65,-10,-114,-70,-53,-77,-26,-61,-77,-66,-85,-64,-16,-81,-79,-52,-94,-139,-95,-35,-111,62,13,65,NA,NA,NA,NA,596,NA,647,539,NA,224,211,163,116,34,92,99,51,-26,-10,-40,-28,2,-24,-32,-63,-4,-40,-55,-20,-4,30,187,57,47,276,NA,212,NA,NA,NA,NA,NA,NA,494,377,362,157,175,56,59,46,-5,44,12,-7,30,-27,-50,-24,-5,-10,-5,25,-23,-53,-65,-35,-71,-79,-61,-80,43,77,NA,NA,NA,NA,NA,631,495,390,NA,222,147,123,21,48,50,85,59,76,77,57,24,-38,-29,14,22,-21,-39,-56,-6,-58,19,45,9,NA,-6,NA,NA,NA,NA,NA,145,NA,465,470,351,387,162,132,7,-31,-11,12,23,-7,11,-32,23,11,21,-29,-13,-11,-38,-36,-39,-32,-53,123,60,112,190,242,NA,224,NA,NA,485,362,NA,414,302,398,167,141,24,8,-25,-24,-8
"6",85,73,129,32,62,66,20,26,39,69,21,65,37,31,65,5,20,155,174,278,NA,568,NA,NA,889,NA,965,847,633,NA,347,194,133,314,113,80,47,71,65,68,43,73,71,69,77,45,101,26,12,29,38,14,52,-42,79,199,336,466,NA,831,NA,937,840,708,753,397,274,195,121,157,136,77,103,109,94,84,68,124,70,118,81,99,150,143,131,136,72,56,39,3,NA,187,174,NA,NA,249,375,781,463,475,410,367,108,65,32,-36,-49,-3,36,-38,-19,NA,6,-26,-26,-16,-26,-40,-50,9,-55,2,-30,0,-44,-10,NA,NA,395,468,NA,NA,765,872,709,788,546,319,320,77,83,NA,83,111,NA,3,105,11,-3,-5,9,36,0,-14,28,45,48,3,20,20,24,32,165,135,337,NA,NA,NA,831,844,783,552,642,449,310,205,214,220,NA,71,80,56,124,52,107,41,-225,-197,-118,-164,-101,-147,-122,-83,-17,54,62,80,80,72,187,NA,NA,688,NA,795,879,583,548,299,286,229,48,72,147,-10,226,74,86,-41,28,50,78,NA,20,79,22,53,79,37,97,57,53,39,NA,165,312,NA,482,NA,844,847,856,659,573,405,188,183,86,152,67,100,140,103,20,-13,27,NA,11,-35,41,74,28,-26,49,19,-8,22,5,-5,43,NA,NA,NA,606,771,753,1067,713,678,554,212,65,29,117,116,NA,62,93,-3,96,55,3,54,23,25,94,94,98,60,91,16,47,48,NA,NA,98,NA,326,NA,349,514,NA,706,636,524,254,157,120,34,114,56,85,85
"7",-18,-45,-31,-61,-8,-36,-38,-10,-30,-16,-25,16,-38,24,-28,NA,115,251,324,422,398,566,NA,586,692,675,601,417,276,112,98,29,38,29,-15,3,17,-6,-37,-17,-65,-38,-56,-72,-28,8,3,23,-15,-22,24,60,70,85,NA,NA,NA,NA,532,NA,NA,NA,631,375,286,321,62,24,51,99,-7,3,22,173,35,-49,-38,-40,-19,-33,-56,-56,-30,-37,-59,30,39,76,12,5,1657,NA,NA,387,NA,589,620,554,453,311,268,208,112,105,101,84,78,84,28,17,24,8,-30,-8,27,18,2,-9,-69,-27,-19,34,56,NA,191,198,416,470,347,646,NA,NA,753,707,NA,547,296,152,67,130,60,162,3,45,88,-22,-23,-9,-30,-20,4,-27,-45,12,6,44,20,-78,52,42,5,22,111,NA,NA,NA,446,NA,590,603,377,294,228,164,98,55,20,55,68,-42,17,10,-38,-32,12,-31,-20,-28,-31,-56,17,-7,-20,18,104,195,247,182,174,218,277,392,NA,476,536,537,492,469,236,112,51,69,42,14,24,-12,85,91,-3,-36,-18,-5,14,24,-18,-8,-5,-10,-20,-9,0,6,-12,85,88,NA,NA,NA,NA,413,569,524,491,443,255,209,69,28,50,24,-25,5,NA,-20,-60,-55,-40,-16,-93,-44,-75,-92,-88,-62,-87,-50,-65,-71,18,-32,115,NA,NA,528,573,NA,785,NA,339,251,286,56,97,-10,-8,-27,-52,-42,-38,-45,-106,-83,-16,-83,-6,-20,-38,-16,-69,-39,7,-49,-37,10,112,15,182,NA,392,NA,577,658,679,789,582,376,161,133,92,133,120,84,34,65
"8",57,73,119,11,95,47,56,3,0,16,31,53,100,61,110,137,174,197,262,NA,328,557,NA,613,507,568,553,467,464,503,393,381,329,316,245,175,205,114,88,95,30,34,-32,6,-3,NA,21,NA,265,248,342,400,341,387,424,519,NA,NA,NA,NA,NA,591,540,526,600,466,296,310,235,229,211,155,121,79,118,47,-39,25,13,34,12,-27,18,82,NA,70,187,294,294,394,1574,560,NA,NA,NA,503,NA,605,618,470,433,490,406,316,315,196,180,101,109,109,44,55,62,53,-3,-33,23,76,32,-28,63,212,198,NA,NA,454,NA,NA,NA,NA,NA,603,NA,NA,697,627,637,476,528,373,382,311,262,189,175,107,133,54,39,16,8,-14,38,58,91,188,275,223,277,332,337,312,492,NA,NA,NA,NA,NA,NA,570,648,516,495,526,441,397,311,263,235,162,118,46,17,-54,11,11,-47,-6,-10,-79,46,NA,80,218,NA,NA,500,423,435,395,NA,NA,NA,471,NA,NA,388,421,357,231,200,127,84,11,3,24,25,-19,-8,-44,-39,-21,-74,-86,NA,-73,-58,-25,-41,NA,87,NA,10,35,NA,201,NA,NA,NA,NA,523,NA,546,NA,416,455,364,265,223,208,150,120,187,113,77,77,26,NA,-34,NA,-14,-27,69,89,50,157,267,237,209,NA,NA,323,455,NA,528,511,NA,632,571,443,393,333,354,286,183,123,29,109,6,43,-40,-58,-85,-46,-27,-41,-31,-46,-88,-98,-49,NA,-45,78,NA,25,NA,393,295,NA,NA,NA,463,506,488,NA,315,243,251,207,149,118,128,100
"9",-154,-47,-16,-153,-47,-43,-90,-92,-126,-63,-129,-141,NA,-136,-67,-134,NA,-137,-148,NA,-156,-55,-182,-95,-184,140,42,-55,-124,-118,-214,-149,-231,-177,-174,-229,-161,-206,-156,-184,-145,-163,-146,-121,-110,NA,-131,-60,-77,-149,NA,-106,-113,-31,-102,-38,-126,-171,-118,NA,-99,-73,0,-146,-132,67,-89,-169,-194,-178,-182,-215,-236,-171,-186,-147,-141,-4,-118,-96,-92,-131,-118,-67,17,-126,-133,-79,-122,-126,NA,NA,-197,-136,NA,-132,-152,NA,-92,-148,24,-93,-127,-135,-172,-196,-222,-180,-177,-198,-95,-135,-110,-101,-122,-162,-140,-45,-93,-152,-110,-118,-110,NA,NA,-157,-12,NA,NA,-17,-137,-52,NA,-32,-118,103,-138,-127,-133,-134,-173,-185,-178,-247,-180,-148,-180,-126,-10,-137,-137,-155,-144,-95,-92,-212,-188,-148,-62,-169,-193,-136,-169,-189,-151,NA,-162,-118,NA,-79,-108,-63,-133,-134,-184,-138,-169,-177,3,-161,-195,-222,-217,-186,-270,-136,-147,-171,-104,-122,-121,NA,-140,-145,-49,-88,-122,-38,NA,89,10,-148,-128,11,254,-12,-87,-7,96,-173,-91,-168,-118,-212,-141,-161,-147,-63,-122,-68,-147,-73,-168,-56,-43,-135,-121,-73,-107,-161,-163,-54,-179,-97,-135,NA,NA,NA,NA,NA,82,92,123,126,-11,-80,75,-170,-118,-62,-79,-66,-9,-107,-31,-85,-127,-69,-96,-27,-110,9,-137,-173,-147,-113,-126,-138,-42,-171,-170,-204,NA,NA,41,7,-50,-40,-55,-92,-97,-10,-94,-154,-128,-78,-72,-155,-66,-146,-60,-147,-118,-130,-78,-188,-73,-44,-122,-52,-139,-95,-131,-54,-207,-105,-38,-92,-80,-23,144,-84,-28,92,-112,0,31,-139,-51,17,-99,-123,21,-128
"10",587,NA,NA,NA,NA,NA,NA,NA,NA,NA,NA,NA,NA,NA,NA,NA,NA,NA,NA,NA,NA,NA,NA,NA,NA,909,NA,NA,NA,899,NA,816,824,750,607,500,NA,453,NA,NA,NA,NA,NA,NA,NA,NA,NA,NA,710,NA,NA,714,NA,NA,NA,NA,726,NA,759,NA,NA,NA,NA,NA,NA,NA,NA,NA,876,755,746,NA,NA,NA,398,NA,NA,NA,650,NA,457,NA,NA,NA,NA,NA,NA,NA,NA,NA,NA,NA,NA,NA,NA,NA,NA,NA,NA,882,909,NA,NA,NA,616,586,439,NA,NA,NA,NA,NA,NA,605,NA,589,NA,NA,NA,NA,613,NA,735,NA,NA,794,NA,839,NA,NA,NA,NA,NA,NA,NA,NA,877,NA,808,789,746,NA,557,542,667,500,NA,NA,NA,NA,NA,NA,NA,NA,NA,609,NA,825,NA,837,840,NA,NA,NA,NA,NA,NA,NA,NA,NA,NA,NA,NA,NA,774,788,NA,NA,694,613,513,477,NA,NA,NA,NA,NA,NA,NA,704,NA,NA,NA,NA,781,NA,NA,NA,NA,NA,NA,NA,NA,NA,NA,NA,NA,NA,NA,NA,NA,780,708,573,NA,568,485,NA,NA,400,471,NA,NA,NA,NA,NA,NA,NA,830,NA,926,NA,NA,NA,NA,NA,NA,NA,NA,NA,NA,NA,NA,NA,841,NA,NA,702,780,683,572,NA,421,NA,NA,NA,NA,NA,NA,NA,NA,663,NA,NA,NA,NA,NA,NA,902,NA,NA,NA,NA,NA,NA,NA,NA,NA,NA,NA,NA,NA,740,NA,649,587,NA,NA,NA,NA,NA,NA,NA,NA,NA,NA,NA,NA,776,NA,NA,940,NA,NA,NA,795,NA,NA,NA,NA,NA,NA,NA,NA,NA,NA,NA,NA,NA,NA,657,NA,NA,NA
"11",544,NA,636,NA,NA,NA,NA,719,557,NA,NA,NA,NA,NA,NA,NA,NA,NA,NA,NA,NA,NA,NA,NA,NA,NA,NA,NA,NA,NA,NA,832,817,612,685,584,667,490,476,600,483,614,NA,NA,NA,NA,NA,NA,657,NA,NA,NA,NA,NA,NA,NA,762,NA,NA,NA,NA,NA,775,NA,NA,NA,NA,NA,533,NA,696,615,556,510,NA,549,582,NA,NA,623,752,699,NA,NA,NA,NA,NA,NA,NA,NA,NA,NA,NA,NA,NA,788,NA,NA,NA,NA,NA,713,NA,763,697,682,685,560,535,NA,507,NA,NA,NA,NA,633,703,NA,NA,NA,NA,NA,843,NA,786,NA,NA,NA,NA,NA,NA,NA,NA,NA,732,NA,NA,531,NA,NA,NA,NA,681,621,617,528,477,564,NA,NA,NA,688,NA,NA,NA,NA,775,775,786,NA,NA,NA,NA,NA,NA,NA,NA,NA,NA,NA,NA,NA,787,NA,755,NA,NA,NA,723,717,686,618,478,NA,556,NA,NA,NA,NA,NA,NA,NA,NA,NA,NA,791,861,871,815,NA,NA,NA,NA,NA,NA,842,NA,NA,NA,NA,NA,787,740,469,NA,560,587,572,NA,NA,NA,NA,NA,643,641,NA,NA,NA,NA,NA,NA,NA,NA,NA,NA,NA,NA,NA,NA,NA,NA,NA,NA,NA,NA,NA,NA,686,667,697,642,596,524,577,448,385,555,NA,543,NA,NA,676,NA,NA,818,NA,855,NA,NA,NA,NA,NA,NA,NA,NA,NA,NA,NA,NA,NA,NA,NA,719,667,NA,NA,570,600,532,599,NA,422,511,560,NA,NA,NA,514,571,NA,710,NA,781,827,NA,866,NA,NA,NA,NA,NA,NA,NA,NA,NA,759,NA,NA,NA,NA,550,NA,NA,518
"12",41,-4,0,-37,35,36,53,65,98,126,NA,NA,NA,429,334,357,482,NA,NA,NA,NA,NA,NA,NA,NA,NA,508,557,485,NA,400,260,198,93,110,72,7,-40,-79,-105,-49,-32,-13,NA,27,88,73,82,218,273,362,NA,348,NA,NA,NA,NA,NA,NA,NA,NA,NA,NA,414,453,NA,407,351,313,204,161,65,83,36,42,7,22,NA,74,100,126,75,NA,139,NA,NA,NA,NA,464,NA,NA,572,NA,NA,NA,NA,NA,NA,512,507,NA,468,364,299,250,152,139,58,57,179,-4,-43,30,72,67,60,103,72,NA,238,182,NA,NA,NA,NA,491,605,NA,NA,NA,NA,NA,NA,NA,376,NA,438,496,375,341,218,78,40,58,-7,0,-4,3,-15,48,29,74,41,NA,188,157,222,355,431,330,NA,286,NA,NA,NA,NA,NA,NA,NA,NA,330,NA,400,327,297,185,172,120,44,25,4,-97,-85,-44,-103,-49,3,NA,-21,6,NA,NA,230,286,362,NA,NA,438,NA,542,NA,NA,NA,NA,NA,NA,NA,NA,494,353,308,187,142,54,3,-14,65,-29,-63,-61,-89,3,8,-35,NA,19,-26,-13,-71,-68,NA,NA,191,NA,NA,265,NA,NA,NA,NA,NA,344,386,NA,405,387,435,211,180,151,120,128,112,74,-15,-35,-51,NA,-6,NA,-51,41,107,154,137,NA,245,NA,275,375,NA,NA,NA,NA,NA,NA,NA,NA,401,NA,466,617,331,329,137,14,-28,-15,-24,-38,-113,-22,-80,-28,-42,-47,-84,-79,-32,NA,40,77,NA,NA,274,NA,NA,NA,NA,NA,NA,NA,NA,412,NA,321,384,286,232,155,89,53,177,114
"13",-68,-121,-51,-57,-11,-26,-64,-82,-93,-111,-38,-83,-87,-64,-29,-46,-61,0,-31,75,20,NA,77,336,197,NA,142,133,149,28,50,-7,18,-34,27,-15,-36,-51,-27,-47,-69,-26,-51,92,-36,-31,-62,-45,-27,-41,-37,-56,-51,-50,18,-32,NA,NA,NA,NA,NA,NA,52,68,110,45,75,5,-2,2,-45,-30,-21,-56,-18,-61,-66,-67,-46,-57,-50,-27,-52,-40,-65,-36,-56,-25,-92,-55,1896,136,213,177,73,238,NA,NA,NA,98,98,-2,-13,-8,-7,-9,-39,-43,-62,-19,-58,-34,-51,-2,-46,-36,26,-33,-21,-46,-53,-46,-83,0,47,15,NA,165,151,221,252,278,263,295,295,132,166,45,19,-10,-24,-34,-51,-11,-52,-5,-45,-15,-50,-24,-44,-52,-58,-36,-56,-22,-17,-36,20,27,-25,5,186,109,70,180,NA,NA,277,213,226,113,57,52,29,-16,25,2,-5,-36,-13,-28,-115,-84,-38,-40,-16,-63,17,-72,-50,-6,-70,-54,-23,-17,-2,-47,34,54,88,NA,NA,110,141,158,197,199,90,118,37,-23,-21,-32,-18,7,2,-28,-81,-51,-58,-49,-66,-46,-29,-28,-57,11,-62,-18,-42,-53,-93,15,-18,44,118,NA,NA,NA,184,NA,144,141,161,45,-33,-35,-68,-5,-30,-60,NA,-87,41,-20,18,-75,-67,-81,-34,-69,-104,-39,-76,-61,-32,-35,16,24,6,133,NA,NA,207,231,NA,91,NA,149,61,51,10,-41,2,-52,-68,-15,-46,-101,-96,-86,-101,-59,-22,-72,-67,NA,-91,NA,-41,-54,-48,65,NA,45,101,NA,241,NA,229,NA,174,286,158,93,38,11,-34,-41,-63,2,33,-30
"14",-22,-18,-7,7,-45,65,-11,-20,-2,-11,-12,-50,NA,-61,-7,11,11,305,162,119,NA,NA,323,NA,310,NA,390,377,358,379,267,205,90,120,-12,23,-11,13,2,-15,-37,-41,-28,-17,-2,18,-42,NA,-10,-4,NA,42,47,NA,104,221,NA,NA,NA,NA,NA,NA,366,418,419,426,252,212,150,115,36,39,12,0,24,9,20,56,20,33,-22,-23,-32,-29,7,40,109,54,36,184,NA,NA,NA,NA,NA,NA,NA,441,345,269,276,182,65,2,24,-21,-16,-26,-26,19,-42,-32,-45,11,-20,-37,-25,-14,-24,-40,4,0,2,NA,NA,104,206,NA,NA,NA,479,628,NA,NA,468,399,400,250,125,52,14,7,29,-19,-40,-34,-34,20,-43,-21,-27,52,-35,-35,-30,87,-34,-29,-50,2,NA,128,79,NA,442,NA,NA,NA,NA,414,398,NA,294,226,156,169,131,66,92,50,88,79,-26,0,9,29,20,16,-10,-9,4,31,-9,NA,NA,15,194,NA,NA,NA,NA,NA,NA,358,585,NA,430,446,355,310,270,183,140,85,84,47,89,84,39,9,41,59,9,17,13,25,23,30,4,-19,2,31,52,NA,175,269,346,NA,NA,704,667,562,644,NA,407,341,235,83,205,168,79,117,48,5,105,16,-23,-7,-30,-32,7,-13,-31,-75,-67,-69,-16,NA,NA,NA,NA,NA,158,NA,397,480,NA,509,578,457,462,249,277,192,105,52,-49,-20,-33,-15,-65,-34,-49,53,-2,-7,11,9,-8,18,16,-20,18,-44,-2,80,302,NA,NA,515,NA,467,670,NA,487,382,406,162,162,124,-3,-27,99,20
"15",152,125,27,25,38,0,3,15,35,30,7,40,51,51,42,80,42,404,NA,NA,NA,NA,NA,NA,863,866,878,812,667,641,560,420,269,179,165,113,82,57,53,62,0,-15,35,31,76,82,72,144,115,68,65,NA,NA,662,NA,842,793,850,887,NA,NA,977,897,836,NA,667,514,422,244,175,75,73,71,98,92,81,55,59,19,40,56,8,23,47,22,74,133,166,210,297,NA,791,NA,NA,869,826,NA,995,857,859,732,639,497,313,252,133,108,131,143,111,65,NA,42,62,65,28,55,42,31,54,45,101,85,183,296,NA,NA,NA,807,NA,NA,NA,943,938,939,877,759,533,448,413,286,219,149,100,113,87,58,26,4,43,20,24,-3,-9,28,24,46,80,107,164,172,237,472,513,697,NA,NA,NA,NA,895,817,789,776,637,548,543,385,272,286,224,131,87,94,129,62,76,13,72,60,52,81,77,140,121,76,299,320,473,NA,654,551,NA,895,817,766,NA,917,840,811,713,598,464,352,271,216,210,136,55,58,36,0,49,-23,42,51,19,101,97,69,80,88,115,180,274,219,511,NA,NA,NA,916,722,909,NA,814,717,696,656,540,473,440,258,270,119,31,4,-24,-13,NA,-54,-23,17,0,-65,-47,10,148,10,-66,NA,164,486,697,695,876,NA,NA,970,922,890,887,824,500,568,415,173,133,NA,68,125,86,114,29,33,31,33,23,24,67,13,47,58,93,209,87,NA,NA,NA,819,NA,NA,NA,805,877,917,NA,825,646,456,441,273,358,136,119,58
"16",7,0,-52,-59,81,-63,-30,-24,-44,-85,-80,-6,-43,-34,-34,-16,30,67,139,297,NA,NA,546,643,NA,NA,667,583,373,-24,-85,-92,-63,30,-40,-80,-59,-66,-20,-94,-87,-77,-30,-45,-12,-86,24,NA,8,69,113,62,169,201,255,NA,NA,NA,NA,NA,NA,NA,667,456,368,273,189,186,131,50,14,14,5,-12,-20,-64,-49,-67,-60,-38,-15,-44,-10,-26,-7,62,123,128,196,182,1455,473,NA,NA,432,593,648,NA,495,466,330,154,-5,-41,19,0,-49,-61,-71,-45,-87,-49,-57,-59,-24,-90,7,56,-60,-127,-84,-77,34,-54,227,212,296,428,330,496,611,653,763,NA,NA,388,238,225,126,-13,-62,-51,-47,-13,-56,-16,-71,-47,-99,-63,-67,-61,-62,-64,-45,-87,-77,-30,NA,22,24,249,297,373,448,NA,580,NA,NA,740,633,601,389,223,237,140,43,-4,40,-13,21,-69,-79,-82,-129,-91,-79,-82,-90,-86,-79,-63,-47,-55,-56,-30,19,157,196,257,462,NA,NA,557,693,686,512,466,312,186,65,48,0,-7,-79,-71,-100,-90,-84,-112,-113,-102,-68,-70,-82,-66,-49,-78,-64,-71,-118,-66,-108,NA,138,384,449,NA,NA,NA,860,783,667,478,485,348,286,84,68,103,0,53,102,-52,14,-41,-46,-84,-65,-72,-66,-93,-60,-24,-32,-41,NA,-35,210,200,267,316,NA,NA,NA,NA,750,671,358,332,263,52,72,67,-32,-67,-32,-37,-61,-85,-101,-81,-108,-87,-105,-128,-127,-123,-17,NA,-25,-7,69,45,139,NA,133,65,NA,NA,297,NA,411,402,481,357,187,105,52,19,19,-4,36,41
"17",-70,-45,23,-25,11,4,-27,-37,-23,-33,-56,-34,NA,22,54,10,NA,NA,NA,NA,197,286,NA,NA,450,487,354,435,256,NA,208,78,2,23,-65,-10,-46,-30,-74,-66,-49,-58,-51,-42,31,9,-35,NA,126,148,108,NA,305,222,271,326,NA,NA,NA,NA,NA,NA,496,540,379,363,192,240,102,40,37,-5,-21,-14,-8,26,-15,22,0,-8,-25,-30,2,-23,-4,56,24,NA,217,326,NA,NA,178,NA,NA,432,603,NA,474,380,418,276,107,75,61,23,31,-10,31,7,-66,0,-2,11,-23,-18,-2,NA,26,2,10,90,63,NA,NA,208,344,NA,NA,NA,NA,NA,NA,555,554,NA,359,208,81,85,22,34,29,16,0,35,-8,-15,-40,-33,-13,7,-32,NA,-11,31,45,73,83,120,191,286,246,NA,449,NA,NA,NA,NA,507,360,286,253,169,122,116,35,28,70,2,-7,0,-27,-76,-38,-18,-9,-8,-29,4,-8,NA,NA,183,NA,192,239,275,NA,NA,NA,NA,NA,NA,NA,465,364,465,276,246,92,87,-2,17,-27,14,-17,53,-13,0,-23,NA,-28,41,14,5,-28,26,-18,29,8,NA,79,88,187,302,NA,NA,NA,NA,616,650,602,NA,200,208,143,45,81,123,80,37,22,17,100,-9,53,19,-40,-6,NA,NA,-25,-70,-59,NA,112,138,92,NA,NA,NA,NA,NA,624,555,NA,NA,452,383,189,161,104,79,21,45,-25,15,29,-69,-30,7,-81,-28,3,-31,-12,38,-21,-34,NA,-2,90,81,136,156,NA,319,NA,NA,NA,NA,508,510,502,421,405,181,171,65,84,24,28,66
"18",-41,-49,9,-4,54,46,82,110,82,67,NA,NA,435,448,560,NA,508,NA,NA,NA,730,NA,NA,NA,NA,637,682,840,671,767,702,552,402,317,141,100,42,9,-36,-27,5,20,42,133,125,128,116,NA,NA,NA,NA,NA,NA,551,NA,NA,NA,723,NA,NA,NA,NA,NA,NA,NA,NA,597,534,349,227,122,115,33,33,19,29,-44,-23,22,27,105,NA,129,NA,NA,203,NA,NA,NA,NA,NA,623,NA,NA,NA,NA,NA,NA,NA,NA,NA,607,564,415,258,194,110,110,59,36,10,-41,38,-3,50,28,48,57,107,137,172,NA,330,NA,608,NA,NA,720,NA,NA,NA,NA,NA,680,631,748,NA,NA,634,410,347,162,169,122,31,18,-7,-43,-45,-14,62,NA,175,NA,109,NA,NA,NA,NA,NA,667,NA,NA,NA,NA,NA,NA,NA,NA,759,NA,730,818,NA,622,383,261,167,120,119,-15,-12,-77,-47,-29,28,79,93,108,93,261,266,NA,511,NA,NA,NA,NA,761,NA,NA,NA,NA,736,NA,865,NA,NA,830,756,661,503,314,169,183,113,40,29,19,8,11,NA,88,124,138,154,159,145,NA,NA,NA,312,NA,NA,588,781,NA,NA,NA,NA,NA,627,710,NA,NA,NA,700,479,321,243,193,158,124,68,22,-21,-49,-14,NA,NA,105,168,NA,196,NA,161,NA,387,618,551,NA,NA,649,NA,NA,NA,770,725,NA,791,725,678,479,353,194,182,62,46,29,-22,-29,-45,-31,-32,-47,7,-47,69,NA,NA,349,418,470,505,NA,615,NA,NA,NA,NA,NA,700,NA,NA,705,730,644,557,385,300,222,213,156,55
"19",5,-35,29,-33,-23,-36,-22,-11,4,-32,-27,-38,-59,-35,63,-56,-2,-42,29,54,42,100,NA,NA,390,453,302,220,207,99,72,21,45,87,10,5,25,-24,-18,-15,-15,32,-19,42,-17,-32,-25,97,NA,2,-22,-40,-26,-16,35,NA,NA,NA,NA,NA,164,NA,242,NA,245,240,237,249,245,180,159,139,420,105,98,-7,-12,29,35,25,-35,-14,8,-15,19,47,-28,NA,-11,63,1711,114,NA,167,NA,208,261,NA,203,190,89,123,92,74,105,7,45,36,9,53,12,15,5,-20,13,17,2,-29,-22,0,20,-33,-24,-34,NA,-8,65,NA,166,NA,261,NA,385,NA,498,377,320,294,185,110,54,57,NA,65,65,7,-40,0,-22,-43,-85,-20,-72,-54,-25,-50,-39,-43,-37,NA,-45,-6,8,NA,NA,NA,NA,NA,172,NA,223,235,221,185,123,162,113,93,73,68,19,48,45,-16,-32,37,-14,-32,40,-17,10,-23,-31,6,-29,-10,-13,33,20,NA,NA,NA,NA,NA,241,222,309,305,139,79,44,-11,29,19,11,0,40,NA,-9,-24,14,-32,-12,-39,-22,-31,-32,-13,-70,-72,-66,-36,-55,-43,-77,NA,NA,163,NA,NA,136,NA,218,269,349,301,269,250,209,165,194,111,NA,-2,40,-8,4,-43,-26,-5,70,-114,-7,-67,-81,-50,-28,-15,-21,71,128,NA,133,NA,247,NA,176,NA,183,224,166,179,198,110,133,136,163,102,132,17,55,65,7,48,34,65,-24,-24,25,30,-9,-56,35,-52,13,-39,-37,NA,77,127,306,294,279,378,302,258,123,118,131,61,68,48,29,-2
"20",-30,17,29,8,31,30,43,28,46,50,17,19,NA,0,29,28,41,NA,113,63,146,52,96,93,NA,NA,134,67,109,84,36,37,37,86,2,46,21,19,-3,24,7,38,65,35,NA,NA,33,36,7,37,NA,NA,36,62,66,66,169,NA,NA,236,NA,NA,222,286,164,142,118,60,65,37,68,78,66,14,45,42,22,41,36,33,48,27,68,65,80,30,27,10,9,54,1804,144,177,261,NA,NA,NA,NA,227,160,116,167,68,40,61,65,32,37,26,88,18,17,52,22,42,20,52,61,36,0,5,32,30,NA,15,26,89,103,148,197,NA,206,NA,232,232,206,136,130,98,43,61,43,29,29,42,24,49,62,54,24,48,62,57,44,66,0,36,36,26,43,59,26,32,NA,NA,140,NA,NA,324,260,194,160,135,83,57,92,59,55,110,105,38,25,48,18,40,31,44,46,39,49,46,51,-7,46,54,26,11,39,30,60,47,100,NA,NA,NA,210,223,147,117,63,58,63,66,16,36,19,33,80,32,31,43,NA,31,57,57,45,75,58,17,NA,40,2,10,32,-9,53,70,NA,NA,286,NA,299,181,199,49,65,73,75,67,63,31,85,98,12,77,84,7,-5,30,15,38,58,NA,0,50,-3,-16,44,37,67,23,96,201,NA,272,306,NA,152,86,95,21,46,109,16,33,12,51,12,68,40,-5,-4,49,55,7,15,48,6,13,-7,47,-12,-3,NA,120,63,37,85,NA,239,265,286,210,NA,153,115,80,70,105,37,108,36,69,13
"21",185,84,36,12,103,136,246,325,354,394,709,NA,NA,839,836,836,909,NA,NA,NA,NA,748,NA,584,NA,NA,686,NA,754,636,573,574,532,492,415,330,220,100,39,-31,72,93,212,NA,378,429,NA,678,765,NA,800,NA,521,NA,NA,NA,NA,NA,NA,NA,NA,710,NA,737,708,NA,679,613,540,465,388,269,321,220,55,9,34,140,212,265,487,442,491,626,703,NA,NA,NA,NA,NA,NA,810,793,NA,NA,NA,826,NA,NA,718,790,712,667,587,544,430,391,368,208,123,40,150,NA,145,271,248,320,NA,NA,739,796,NA,872,NA,902,NA,NA,NA,NA,NA,704,NA,NA,NA,759,NA,713,575,NA,522,500,444,398,230,217,111,17,138,48,90,171,286,275,444,528,650,626,NA,755,NA,703,672,699,NA,NA,672,NA,NA,626,NA,628,NA,602,621,518,455,361,243,190,111,-9,-9,17,5,48,264,117,NA,161,341,353,NA,NA,NA,NA,NA,703,NA,744,NA,718,NA,NA,NA,NA,NA,NA,NA,NA,605,595,361,381,193,204,119,165,70,-12,17,20,105,133,247,261,384,442,500,NA,NA,607,NA,741,672,NA,NA,NA,NA,NA,NA,NA,NA,NA,NA,NA,662,NA,535,349,300,190,188,169,67,28,-71,-49,NA,36,NA,205,NA,338,382,NA,NA,NA,NA,NA,NA,698,NA,NA,NA,NA,NA,NA,NA,NA,NA,643,613,516,469,270,218,123,71,100,4,-27,-28,-51,-44,65,124,98,108,286,NA,111,NA,369,NA,NA,623,NA,NA,NA,NA,NA,NA,NA,NA,NA,NA,662,672,530,475,300,133,138,53
"22",-81,-75,13,-64,94,-7,70,122,39,33,53,NA,275,254,340,NA,NA,NA,NA,489,NA,545,NA,NA,NA,NA,567,581,533,455,430,273,192,79,53,9,-14,50,-7,-10,NA,35,62,72,152,62,47,173,249,346,NA,403,NA,NA,NA,NA,NA,NA,NA,NA,NA,NA,NA,NA,NA,NA,439,377,261,105,52,-9,8,36,48,31,48,50,98,24,81,117,84,NA,226,258,359,NA,356,NA,NA,388,NA,NA,NA,NA,NA,NA,594,547,611,414,338,188,80,-26,65,-37,7,9,33,53,86,43,79,107,70,144,NA,98,245,263,NA,NA,NA,389,NA,NA,NA,NA,NA,NA,NA,NA,646,512,661,571,507,286,207,61,102,78,-37,-5,23,71,-20,90,68,140,141,225,105,286,286,309,NA,343,378,NA,NA,NA,NA,NA,NA,NA,508,506,NA,NA,591,488,359,272,68,4,12,-41,-80,-17,39,17,30,68,46,41,93,167,195,NA,354,320,379,448,NA,NA,579,NA,NA,NA,NA,NA,NA,NA,523,614,459,580,506,331,211,169,-18,-8,36,93,21,-32,33,161,42,175,78,57,83,NA,169,183,NA,NA,NA,338,331,NA,NA,NA,NA,NA,NA,NA,NA,NA,637,NA,475,375,300,246,156,49,167,87,24,90,19,NA,108,122,133,242,357,269,NA,286,305,NA,NA,NA,NA,NA,NA,NA,454,NA,NA,571,546,597,587,383,341,271,182,88,49,0,11,-16,-24,115,35,3,3,39,36,NA,38,-15,30,30,NA,NA,394,NA,NA,338,587,NA,NA,NA,NA,NA,NA,NA,567,473,312,272,250,102,65,43
"23",-51,54,17,50,19,73,23,60,101,47,42,85,117,47,10,65,95,-26,-50,NA,NA,NA,NA,NA,NA,NA,889,890,NA,548,299,135,45,62,-49,-87,0,0,-60,-45,-33,77,-5,-70,43,8,6,12,55,10,43,5,143,210,NA,NA,NA,NA,NA,NA,NA,1068,1042,848,575,503,286,68,46,-26,24,60,79,41,56,55,55,45,31,102,62,93,115,8,29,62,83,-6,NA,90,1576,237,256,512,NA,NA,795,769,939,788,687,330,78,56,54,188,103,126,128,49,136,39,79,65,60,60,99,37,48,39,70,75,68,15,8,51,166,148,NA,NA,NA,753,807,NA,NA,835,677,520,388,193,100,80,56,190,NA,103,65,52,62,81,88,98,71,142,208,167,202,182,175,184,227,229,NA,298,NA,NA,683,NA,978,885,909,728,667,475,263,13,-85,-27,-35,-46,-19,-27,-51,9,10,-55,-59,-12,-32,-34,-17,-19,3,-11,-49,36,0,-47,NA,256,297,258,NA,562,690,NA,839,643,446,222,140,-25,73,NA,25,-31,17,21,28,45,5,-147,-190,-114,-64,-110,-106,-86,-83,-107,-114,-114,-106,-103,NA,NA,114,NA,NA,693,NA,NA,NA,732,648,378,189,101,-164,-77,-29,-74,-77,NA,-67,-85,-97,NA,-73,-71,-41,-69,-72,-20,-47,-47,-64,-45,-35,-20,-43,NA,NA,178,NA,601,817,NA,868,901,626,399,98,75,-15,-56,76,47,15,23,-13,16,-20,3,-11,35,20,97,85,70,41,45,111,91,60,79,169,139,392,NA,458,NA,792,882,734,624,593,298,10,-47,-118,47,19,-43
"24",41,57,-23,63,56,56,36,72,56,65,37,16,NA,-25,-80,NA,-71,-61,-128,NA,-125,513,NA,807,878,901,759,785,855,NA,409,12,-94,-65,-26,-61,-50,-24,-101,-27,-137,-24,-91,-20,-64,-47,-50,-45,-84,-105,-143,-145,-73,-215,-230,NA,NA,NA,828,825,890,943,873,571,423,570,103,128,46,-59,-68,-87,-97,-38,-89,-16,15,17,-2,-6,-44,-33,-36,-44,-38,-59,-125,-131,-88,-54,1774,266,314,NA,NA,819,768,753,592,424,167,65,39,91,46,74,57,-9,69,75,48,115,86,-11,-16,-38,-54,-147,NA,-36,-118,-79,NA,-109,NA,-169,NA,216,772,779,NA,942,655,667,676,656,376,556,467,-118,-53,-109,-150,-195,-168,-191,-171,-109,-182,-62,-151,-135,-71,-175,-118,-111,-131,-58,-94,-27,NA,-122,162,209,NA,NA,737,NA,NA,775,723,677,629,590,112,21,-17,-50,-22,-62,-94,-96,-62,-114,-118,-77,-102,-76,-114,-69,NA,-27,-118,-125,-70,-156,-118,-205,NA,NA,109,NA,878,NA,NA,863,762,872,678,657,537,429,381,238,69,121,65,67,40,89,-236,-164,-102,-66,-209,-133,-150,16,-38,-149,-270,-216,-46,-145,69,9,523,NA,NA,NA,500,696,NA,615,655,513,661,222,203,24,22,105,90,60,-3,81,48,NA,17,135,47,62,NA,25,-10,-5,-47,-3,97,NA,123,NA,402,715,866,NA,989,870,923,871,902,642,636,575,127,-44,-24,22,-3,15,0,-146,-96,-139,-208,-102,-169,-161,-91,-199,-253,-139,-161,-25,35,-131,-77,213,440,NA,560,NA,NA,NA,531,308,21,80,8,27,10,76,48,-41
"25",-129,-136,-100,-136,-66,-53,-104,-76,-62,-59,-68,-111,-66,-56,-95,-121,-118,-93,-105,-55,142,332,315,NA,411,90,40,87,-128,-139,-158,-51,-57,-97,-76,-84,-100,-48,-132,-86,-104,-77,-94,-85,-50,10,-79,NA,-62,-48,-53,-118,110,177,149,NA,NA,227,295,NA,238,254,185,55,-28,-2,-129,-110,-106,-129,-89,-61,-60,-61,-79,-49,-55,-22,-37,-73,-38,23,-46,-21,-48,-56,-45,-96,-99,-118,1927,-97,-58,NA,NA,712,645,308,52,-113,0,-244,-191,-203,-163,-141,-166,-146,-141,-96,-132,-107,-137,-104,-92,-108,-53,-52,-50,-118,-89,-94,-145,-111,-21,155,400,268,16,NA,NA,531,512,426,242,78,-21,-83,-73,-55,-57,-36,-21,-26,-47,-69,-74,-38,-47,-31,-40,25,-46,5,-11,NA,-57,-67,-80,-26,-67,55,378,NA,NA,NA,535,592,471,405,224,27,28,-63,5,-50,-57,-21,19,-47,-68,-41,-42,0,-32,-13,11,-34,19,-15,-71,-23,-67,-72,-111,-64,-93,-104,-44,86,NA,538,719,674,462,169,139,-33,-59,-111,-97,-118,-95,-92,-86,-126,-65,-29,-114,-80,-75,-52,-54,-42,-87,-75,-90,-70,-85,-20,-49,-124,-100,-88,-101,-42,NA,363,NA,449,323,NA,69,-45,-126,-129,-81,-107,-100,-5,-7,34,-26,24,-8,-9,21,-65,-57,-108,-85,-55,-62,-85,-105,-88,-118,-81,-73,12,98,NA,310,NA,639,552,413,260,247,9,27,-7,-61,-2,-12,12,83,-24,41,-73,-26,17,-3,-57,-59,-29,-108,-50,-47,-88,-121,-87,-118,-109,-14,14,111,-52,NA,303,367,398,207,NA,10,-31,-64,-55,-43,-45,-63,-82,-81,-84
"26",105,73,66,43,27,51,88,69,55,59,51,24,NA,33,31,45,25,59,59,71,60,NA,217,176,223,NA,174,199,172,161,179,111,107,129,71,72,86,70,38,73,55,35,73,58,100,NA,59,67,73,40,NA,57,51,29,67,58,NA,159,230,238,NA,NA,172,194,165,124,102,86,89,65,73,78,51,31,101,25,47,36,60,30,74,63,62,22,39,32,33,53,44,78,1800,220,141,226,NA,172,256,NA,180,180,150,193,149,153,134,101,143,66,75,108,41,54,30,47,25,28,58,76,32,34,75,20,27,88,NA,40,65,88,101,169,NA,235,NA,223,293,220,172,173,135,129,130,84,132,97,103,63,68,101,55,79,63,100,75,66,NA,49,85,55,26,53,105,73,118,333,186,251,311,436,286,328,206,160,167,90,165,114,77,58,129,68,72,35,17,52,41,32,48,50,59,60,62,45,33,39,70,24,32,128,74,106,141,333,195,337,NA,249,173,155,190,133,157,121,181,134,123,73,149,88,92,86,63,99,79,63,55,73,41,91,57,79,36,53,-6,53,34,45,109,126,NA,211,NA,257,190,NA,129,108,69,114,120,108,113,98,65,78,NA,63,19,62,36,53,0,73,24,59,38,50,-25,2,49,43,3,54,148,54,208,184,NA,260,187,138,202,158,144,89,97,72,98,103,6,17,74,23,79,25,66,113,9,73,63,67,73,23,4,NA,3,107,143,186,NA,225,293,308,300,NA,239,204,139,121,148,57,124,103,105,15
"27",146,15,14,26,-5,-40,-15,-22,-40,-24,-18,-2,12,-84,-56,-56,-43,-47,-81,-43,NA,186,170,357,NA,338,351,409,524,504,545,489,654,230,352,166,120,-5,NA,-60,-31,-31,27,7,25,-5,NA,82,-32,-13,-11,-63,25,137,75,81,136,NA,312,NA,NA,433,549,565,659,723,685,602,523,685,486,296,157,83,56,-11,-14,0,-21,-8,-32,-19,35,-14,-28,-7,36,7,-59,17,1688,237,180,223,209,465,295,323,286,310,349,395,305,296,286,187,114,79,5,53,-2,65,-18,66,27,26,42,57,17,68,-12,NA,-49,-9,13,119,154,326,316,451,500,NA,540,469,550,637,723,680,656,478,585,661,NA,263,105,107,25,-47,-28,2,5,-5,-21,34,40,-15,-6,22,NA,NA,-63,-14,0,12,48,NA,NA,NA,NA,393,586,NA,686,696,718,598,672,576,503,277,125,-9,24,9,30,18,24,31,63,34,65,31,25,7,-6,-28,-21,-34,NA,NA,NA,100,NA,436,415,305,398,459,503,623,637,650,514,525,440,307,150,128,42,70,11,34,17,35,38,63,33,63,-31,-63,-58,-71,-95,29,117,133,215,NA,NA,228,456,228,338,590,462,615,678,774,744,712,516,243,242,56,7,-13,-15,-27,17,40,-20,49,41,-2,22,17,-74,-54,-51,-38,65,152,446,241,404,NA,336,391,389,605,717,581,556,728,770,NA,397,328,41,11,-58,-52,-80,-29,-63,-15,-22,-22,36,-21,-67,-16,-99,-71,-63,NA,-7,28,54,NA,NA,NA,234,339,376,359,485,252,265,208,184,58,41,30
"28",85,29,-4,-95,43,-8,47,107,101,143,175,225,275,224,NA,215,428,357,607,401,NA,585,NA,NA,921,NA,671,732,NA,477,477,329,271,186,31,-18,-67,-73,-41,-63,16,42,65,91,137,NA,120,NA,NA,249,297,429,475,NA,NA,NA,NA,NA,NA,NA,NA,652,591,632,662,557,446,300,125,27,10,-5,13,-13,-67,-29,-34,28,56,123,111,95,95,80,255,NA,275,391,339,NA,NA,513,NA,632,546,NA,NA,NA,682,615,505,354,308,246,188,95,48,-77,-41,-40,8,-5,44,22,135,94,171,NA,172,187,237,296,275,308,NA,NA,NA,NA,NA,NA,NA,675,NA,639,686,NA,623,600,326,243,245,185,129,85,-131,-160,-195,-94,-88,-41,18,54,77,65,113,110,111,189,49,191,250,NA,NA,357,274,NA,NA,NA,701,696,857,749,617,579,437,286,178,128,149,113,-140,-63,-139,-21,-44,-24,-16,NA,-41,NA,-23,22,NA,333,343,488,388,415,547,420,NA,NA,NA,NA,616,NA,NA,682,480,335,204,226,256,88,78,16,-147,-145,-124,-94,-66,-64,13,NA,93,56,80,88,NA,108,57,NA,327,141,117,231,NA,NA,NA,NA,NA,NA,593,554,497,401,347,219,192,139,208,158,25,-111,-16,-49,-99,-86,-24,-33,29,156,124,88,NA,NA,297,150,326,NA,NA,NA,NA,NA,NA,648,NA,NA,498,529,418,300,79,226,129,90,-76,-53,-47,-107,-182,-136,-148,NA,-4,-84,-71,NA,-106,NA,164,255,190,244,NA,NA,474,422,NA,590,NA,NA,NA,588,595,576,430,219,243,120,82,70,-39,-162
"29",39,-21,5,61,97,65,84,148,69,133,133,145,299,246,NA,NA,377,NA,NA,NA,NA,NA,NA,NA,NA,NA,NA,784,641,NA,607,583,385,286,195,27,29,102,0,116,5,80,150,208,309,131,138,NA,NA,274,397,NA,455,NA,759,695,NA,NA,NA,NA,NA,NA,NA,769,NA,852,693,447,458,257,118,-28,0,12,32,-45,47,36,116,70,NA,143,171,NA,NA,312,275,NA,NA,NA,NA,NA,NA,NA,NA,615,776,NA,640,637,NA,748,652,526,387,286,178,47,14,24,87,57,87,62,72,67,197,NA,214,105,NA,295,320,NA,NA,NA,NA,NA,NA,NA,NA,NA,777,NA,750,NA,713,739,685,516,376,251,243,65,105,17,12,77,57,105,19,210,311,286,333,NA,488,379,462,NA,550,NA,NA,NA,NA,NA,NA,NA,NA,NA,NA,748,NA,615,600,386,268,159,38,-94,-155,-93,-87,13,-39,26,93,88,95,81,113,274,367,377,391,507,NA,667,NA,450,NA,NA,NA,NA,NA,667,556,NA,568,672,522,469,476,340,226,219,58,68,5,-20,-17,70,115,239,165,110,185,158,189,345,426,NA,NA,NA,389,517,583,NA,NA,NA,NA,NA,NA,641,625,667,575,530,421,147,160,58,133,71,49,40,33,122,105,24,70,NA,38,141,167,219,NA,NA,NA,NA,NA,NA,NA,NA,NA,NA,NA,NA,NA,440,531,518,397,154,33,-49,0,-34,-24,-18,0,-56,-51,-63,38,25,NA,NA,246,NA,NA,334,341,438,NA,NA,NA,493,570,NA,NA,NA,NA,NA,NA,667,582,470,443,381,286,127,41,58
"30",-67,-118,-102,-118,-4,-52,-73,-104,-118,-7,-41,-44,-105,-76,-78,48,-11,130,400,518,658,779,NA,886,NA,886,NA,830,729,608,500,313,349,24,22,-33,-52,-85,0,-44,-71,-22,-46,-44,49,-20,20,-38,-57,-31,-15,297,NA,NA,435,543,NA,NA,NA,NA,NA,895,838,674,649,629,593,347,218,100,166,111,47,70,75,34,-15,0,-12,19,3,4,16,9,38,21,99,NA,206,319,NA,589,679,NA,NA,787,NA,987,953,783,737,640,506,286,184,93,186,79,93,113,67,NA,80,41,32,22,65,33,-18,0,22,62,111,299,510,470,NA,697,843,NA,NA,NA,NA,981,894,833,715,734,448,435,336,36,0,9,68,-46,-57,-66,-61,-46,-4,-63,-4,-41,84,-61,-22,-59,-47,-12,-55,71,393,557,762,NA,NA,NA,NA,924,903,853,863,719,609,NA,335,254,171,97,54,17,65,23,62,-25,-84,-62,-69,-31,3,-19,-36,0,28,232,438,NA,388,512,444,NA,NA,807,895,695,902,786,645,609,394,186,85,20,71,-26,32,28,-24,-22,-35,-8,-22,4,-12,-8,-22,-3,-20,3,-69,33,-3,124,274,NA,NA,701,703,NA,895,851,890,807,696,662,605,580,344,131,272,NA,18,-99,207,-59,-57,NA,-89,-105,-37,-80,-85,-80,-85,-118,-112,-76,-40,162,286,658,779,NA,842,975,991,941,909,828,844,584,396,264,374,350,69,68,90,-27,51,-20,5,-18,0,-67,-49,-4,-53,-4,-16,48,218,187,417,430,NA,690,NA,NA,NA,NA,880,932,NA,756,639,492,286,190,231,75,97,55
"31",-130,-133,-142,-158,-86,-135,-118,-114,-85,-80,-33,-40,-35,-53,-59,NA,0,29,99,NA,359,624,NA,NA,696,713,574,444,190,-78,-68,-126,-29,-90,-129,-110,-23,-121,-114,-77,-110,-86,-58,-76,-68,-8,-37,-46,-49,-35,NA,-43,4,-21,NA,NA,NA,NA,NA,762,NA,785,NA,404,182,67,-38,-70,-154,-150,-106,-97,-76,183,-110,-114,-105,-108,-81,-121,-108,-79,-50,-52,-66,-4,36,-4,-36,-22,NA,NA,NA,229,NA,494,641,423,252,267,117,66,17,14,10,54,47,-11,41,34,42,33,-62,-31,-25,-49,-62,-41,-65,-32,-40,-62,-73,NA,46,53,301,403,530,932,NA,NA,754,693,NA,250,263,112,67,-18,-41,-68,-52,-40,11,-114,-98,-115,-95,-114,-129,-88,-66,-59,-36,-52,-47,-30,-15,4,-4,-60,59,102,149,209,343,NA,822,571,553,203,202,71,-47,-44,-44,-43,12,-71,-70,-22,-44,-42,-54,-52,-101,-81,-61,-39,-29,-45,-58,29,91,136,286,196,108,59,218,300,578,708,682,690,570,525,268,17,-60,-5,-7,-52,27,-5,5,NA,-68,-40,-17,-76,-38,-56,-42,-73,-48,-59,-32,-80,-62,-60,-61,-41,NA,NA,NA,341,NA,NA,759,808,636,450,326,265,-29,-71,-62,-59,-71,-46,NA,-64,-37,-64,-39,-41,-68,-71,-65,-61,-36,-88,NA,-57,-61,-91,-38,45,58,NA,369,530,784,NA,628,476,141,39,-22,-15,30,8,-43,-53,-42,-34,7,-76,-105,-49,-61,-27,-81,-66,-49,-98,-26,NA,-42,-42,-12,65,98,34,206,244,444,NA,624,633,751,675,442,348,276,49,36,-25,-5,-35,-52,-28
"32",18,-6,-13,-19,-5,-25,-45,-29,-25,-41,-55,-36,-58,-13,-21,-36,-27,-17,41,88,242,453,488,640,NA,NA,389,328,205,96,6,-35,-44,2,-126,-85,-52,-97,-126,-50,-97,-77,-91,-65,-100,-53,-59,-63,-53,-58,-33,-42,-65,-43,NA,NA,NA,NA,663,786,653,659,579,389,420,245,124,93,35,22,34,-3,-29,24,6,-30,-50,-13,-65,14,-18,-44,-50,11,-47,-20,-60,-10,-15,-25,NA,173,119,NA,NA,399,602,307,362,394,165,141,44,29,-32,2,-31,47,4,-19,6,NA,-21,-7,-13,-29,-40,-69,-54,12,-47,-66,-77,-89,-45,-45,NA,389,543,592,NA,NA,541,NA,351,305,202,32,9,-24,-26,-49,-98,-10,NA,-53,-53,-31,-102,-65,-40,-4,-74,-43,-26,-55,-53,-47,-38,-13,-27,-35,76,226,263,515,NA,NA,594,479,409,286,222,129,-24,-18,-26,-71,-5,-105,-50,-62,-74,-84,-46,-43,-128,-103,-52,-104,-46,-73,-49,18,27,37,22,15,NA,90,207,NA,674,713,771,642,524,NA,268,NA,47,27,18,23,15,-37,46,-18,5,-46,-40,-39,-37,-62,-52,-47,-33,-82,NA,-29,-60,-66,-59,-81,-7,NA,492,NA,NA,790,738,653,679,521,465,265,93,135,84,81,88,105,17,-31,-38,-68,-71,NA,-79,-110,-96,-118,19,-9,-105,-68,-22,-23,-28,-56,NA,NA,NA,145,294,NA,358,512,446,355,327,323,164,151,12,33,45,16,-26,23,5,-5,0,-21,-54,-64,-32,-57,-102,-90,-68,-46,-74,-21,-70,-39,NA,NA,349,NA,416,406,371,441,350,179,74,35,-5,-53,30,5,11,24
"33",-19,0,-40,-57,40,-20,-20,-34,7,-12,-21,-9,-47,-18,-63,NA,-65,43,31,-11,104,531,NA,698,NA,649,573,359,101,-20,-64,-122,-118,NA,-96,-130,-122,-106,-142,-83,-118,-84,-137,-21,-68,-67,-76,-40,-87,NA,NA,-74,-35,-63,-10,NA,391,NA,NA,832,NA,781,722,454,286,181,143,19,10,22,-59,-32,3,47,-26,-67,-36,-9,-15,0,-45,2,21,42,71,29,29,2,-35,7,NA,202,249,NA,NA,640,680,706,469,224,62,58,88,57,14,47,27,98,65,71,6,41,33,13,-6,18,-22,-6,-26,-4,-11,-33,-44,-43,-51,-50,NA,137,430,695,NA,NA,915,888,745,628,124,141,-68,-45,-67,3,-73,5,15,-44,-99,-72,-59,-46,-47,-71,-16,-17,-18,-11,-16,-22,-54,13,-46,-9,135,113,127,500,NA,805,885,821,608,367,199,118,-38,-9,-61,-38,7,3,-5,-60,-50,-42,-32,10,-33,-46,-27,-21,-11,-11,-2,74,41,-31,75,104,73,19,163,383,638,667,730,595,521,401,197,75,-7,55,-56,5,-20,-60,-39,22,-42,-22,-47,-44,-14,-59,-28,-31,-51,-53,47,-41,-24,-49,-84,-84,-43,86,49,474,NA,NA,663,637,518,331,201,173,-30,18,36,60,30,NA,54,-17,3,-19,-55,NA,28,-15,9,-19,-26,-48,-19,0,-81,-35,-44,-8,168,243,337,520,451,NA,336,165,5,11,12,44,NA,-47,-114,-84,-166,-88,-28,-157,-125,-121,-121,-89,-155,-74,-142,-97,-108,-143,-142,-127,-151,-124,-77,-106,-29,267,199,NA,338,336,328,332,368,295,169,27,-58,-33,38,3,-50,-42
"34",92,81,100,47,53,17,36,-22,-9,-4,-9,16,45,50,31,99,NA,254,NA,NA,663,NA,805,NA,NA,NA,NA,958,855,710,615,500,318,255,206,90,32,61,-56,26,-17,79,34,69,131,116,57,87,96,105,139,NA,NA,444,364,NA,NA,NA,842,NA,NA,940,901,928,NA,767,573,456,354,271,56,77,72,174,85,25,62,97,74,68,76,82,70,118,89,NA,178,243,182,442,NA,NA,NA,NA,NA,852,NA,795,NA,901,771,574,447,359,252,212,76,60,0,57,-15,58,9,53,70,-35,67,-24,-13,47,7,49,53,90,234,NA,NA,NA,730,NA,NA,NA,807,NA,909,880,834,741,582,426,268,NA,185,182,NA,34,0,0,47,35,105,81,84,65,65,141,178,154,169,228,275,393,460,685,774,NA,NA,NA,NA,886,959,NA,933,741,615,572,450,364,263,116,105,111,57,105,82,68,61,42,105,116,145,133,169,169,179,286,512,534,NA,727,706,NA,NA,767,NA,NA,784,869,892,752,700,NA,384,340,220,133,180,179,99,24,24,54,44,NA,45,20,67,88,86,113,135,23,99,180,228,524,NA,NA,NA,460,NA,NA,778,831,805,710,694,524,452,360,314,192,57,102,100,38,84,NA,4,-15,77,56,53,86,59,67,70,128,185,NA,443,NA,NA,NA,NA,691,839,917,869,888,818,804,490,370,236,230,NA,179,116,154,36,-13,29,42,59,71,-11,-54,-8,-49,105,135,220,264,NA,NA,NA,639,NA,NA,NA,NA,845,878,NA,806,752,581,376,286,246,209,78,103
